Ben-YehudaToOtzaria,אבן ספיר
Ben-YehudaToOtzaria,אמר לאומרים
Ben-YehudaToOtzaria,אני השר
Ben-YehudaToOtzaria,בפי חרבי
Ben-YehudaToOtzaria,ואהבתי ושברי
Ben-YehudaToOtzaria,זכה אשר
Ben-YehudaToOtzaria,חָכְמַת הַיְּהוּדִי מקאמה
Ben-YehudaToOtzaria,טובת מראה
Ben-YehudaToOtzaria,מסעי יהודה פרק ראשון
Ben-YehudaToOtzaria,מראה הילדים
Ben-YehudaToOtzaria,משל הקדמוני
Ben-YehudaToOtzaria,פליאה דעת העט
Ben-YehudaToOtzaria,קטעים מתוך חי בן־מקיץ
Ben-YehudaToOtzaria,רדיפי מיא
Ben-YehudaToOtzaria,שאלו שלום ירושלם
Ben-YehudaToOtzaria,שבט יהודה
Ben-YehudaToOtzaria,שפה לנאמנים
DictaToOtzaria,אבי הנחל
DictaToOtzaria,אלה המצות
DictaToOtzaria,אמר שומר
DictaToOtzaria,בכורי יוסף
DictaToOtzaria,בנין שמואל
DictaToOtzaria,בנפש דוד
DictaToOtzaria,גבורות שלמה
DictaToOtzaria,גזע ישי
DictaToOtzaria,וילקט יוסף
DictaToOtzaria,ונגש הכהן
DictaToOtzaria,חנה דוד על חלה
DictaToOtzaria,יגל יעקב
DictaToOtzaria,כתבי קודש על השולחן ערוך
DictaToOtzaria,ליקוטי חבר בן חיים ב
DictaToOtzaria,למודי ד
DictaToOtzaria,מבוא שערים
DictaToOtzaria,נחלי מים
DictaToOtzaria,ספר הזכרונות
DictaToOtzaria,עמודיה שבעה
DictaToOtzaria,שביבי אש
DictaToOtzaria,שומר אמונים
DictaToOtzaria,שקל הקדש על ירושלמי שקלים
DictaToOtzaria,תבונה
DictaToOtzaria,תפארת עוזיאל חלק א
MoreBooks,וזה לשונו - בבא קמא
MoreBooks,וזה לשונו - סנהדרין
MoreBooks,וזה לשונו - קידושין - על סדר הדפים
MoreBooks,וזה לשונו - קידושין - ערכים
MoreBooks,מלחמת מצווה
MoreBooks,מפקתא פשיטתא
MoreBooks,משכיל לדוד דרושים
MoreBooks,סדר תנאים ואמוראים
MoreBooks,סיפורי גלגולים ורוחות
MoreBooks,שעורי הלכה
MoreBooks,תנא ושייר
OnYourWayToOtzaria,זמרת הארץ
OnYourWayToOtzaria,זמרת הארץ לקוטי תנינא
Sefaria,ספר שושנה
pninimToOtzaria,מגילת ספר
pninimToOtzaria,עטרת צבי
pninimToOtzaria,עלה לתרופה
wikisourceToOtzaria,אלדד הדני
wikisourceToOtzaria,בינת מקרא
wikisourceToOtzaria,דקדוקי הטעמים
