ref,line_index
"Charedim, Introduction 1",4
"Charedim, Introduction 2",5
"Charedim, Introduction 3",6
"Charedim, Introduction 4",7
"Charedim, Introduction 5",8
"Charedim, Introduction 6",9
"Charedim, Introduction 7",10
"Charedim, Introduction 8",11
"Charedim, Introduction 9",12
"Charedim, Introduction 10",13
"Charedim, Introduction 11",14
"Charedim, Introduction 12",15
"Charedim, Introduction 13",16
"Charedim, Introduction 14",17
"Charedim, Introduction 15",18
"Charedim, Introduction 16",19
"Charedim, Introduction 17",20
"Charedim, Introduction 18",21
"Charedim, Introduction 19",22
"Charedim, Introduction 20",23
"Charedim, Introduction 21",24
"Charedim, Introduction 22",25
"Charedim, Introduction 23",26
"Charedim, Introduction 24",27
"Charedim, Introduction 25",28
"Charedim, Introduction 26",29
"Charedim, Introduction 27",30
"Charedim, Introduction 28",31
"Charedim, Introduction 29",32
"Charedim, Introduction 30",33
"Charedim, Introduction 31",34
"Charedim, Introduction 32",35
"Charedim, Introduction 33",36
"Charedim, Introduction 34",37
"Charedim, Introduction 35",38
"Charedim, Introduction 36",39
"Charedim, Introduction 37",40
"Charedim, Introduction 38",41
"Charedim, Introduction 39",42
"Charedim, Introduction 40",43
"Charedim, Introduction 41",44
"Charedim, Introduction 42",45
"Charedim, Introduction 43",46
"Charedim, Introduction 44",47
"Charedim, Introduction 45",48
"Charedim, Introduction 46",49
"Charedim, Introduction 47",50
"Charedim, Knowledge of God 1:1",53
"Charedim, Knowledge of God 2:1",55
"Charedim, Knowledge of God 2:2",56
"Charedim, Knowledge of God 3:1",58
"Charedim, Knowledge of God 4:1",60
"Charedim, Knowledge of God 5:1",62
"Charedim, Knowledge of God 5:2",63
"Charedim, Knowledge of God 5:3",64
"Charedim, Knowledge of God 5:4",65
"Charedim, Knowledge of God 5:5",66
"Charedim, Knowledge of God 5:6",67
"Charedim, Knowledge of God 5:7",68
"Charedim, Knowledge of God 5:8",69
"Charedim, Knowledge of God 5:9",70
"Charedim, Knowledge of God 5:10",71
"Charedim, Knowledge of God 5:11",72
"Charedim, Knowledge of God 5:12",73
"Charedim, Knowledge of God 6:1",75
"Charedim, Knowledge of God 6:2",76
"Charedim, Knowledge of God 6:3",77
"Charedim, Knowledge of God 6:4",78
"Charedim, Knowledge of God 6:5",79
"Charedim, Knowledge of God 6:6",80
"Charedim, Knowledge of God 6:7",81
"Charedim, Knowledge of God 6:8",82
"Charedim, Knowledge of God 7:1",84
"Charedim, Knowledge of God 7:2",85
"Charedim, Knowledge of God 7:3",86
"Charedim, Knowledge of God 8:1",88
"Charedim, Positive Commandments 1:1",91
"Charedim, Positive Commandments 1:2",92
"Charedim, Positive Commandments 1:3",93
"Charedim, Positive Commandments 1:4",94
"Charedim, Positive Commandments 1:5",95
"Charedim, Positive Commandments 1:6",96
"Charedim, Positive Commandments 1:7",97
"Charedim, Positive Commandments 1:8",98
"Charedim, Positive Commandments 1:9",99
"Charedim, Positive Commandments 1:10",100
"Charedim, Positive Commandments 1:11",101
"Charedim, Positive Commandments 1:12",102
"Charedim, Positive Commandments 1:13",103
"Charedim, Positive Commandments 1:14",104
"Charedim, Positive Commandments 1:15",105
"Charedim, Positive Commandments 1:16",106
"Charedim, Positive Commandments 1:17",107
"Charedim, Positive Commandments 1:18",108
"Charedim, Positive Commandments 1:19",109
"Charedim, Positive Commandments 1:20",110
"Charedim, Positive Commandments 1:21",111
"Charedim, Positive Commandments 1:22",112
"Charedim, Positive Commandments 1:23",113
"Charedim, Positive Commandments 1:24",114
"Charedim, Positive Commandments 1:25",115
"Charedim, Positive Commandments 1:26",116
"Charedim, Positive Commandments 1:27",117
"Charedim, Positive Commandments 1:28",118
"Charedim, Positive Commandments 1:29",119
"Charedim, Positive Commandments 1:30",120
"Charedim, Positive Commandments 1:31",121
"Charedim, Positive Commandments 1:32",122
"Charedim, Positive Commandments 1:33",123
"Charedim, Positive Commandments 1:34",124
"Charedim, Positive Commandments 1:35",125
"Charedim, Positive Commandments 1:36",126
"Charedim, Positive Commandments 1:37",127
"Charedim, Positive Commandments 1:38",128
"Charedim, Positive Commandments 1:39",129
"Charedim, Positive Commandments 1:40",130
"Charedim, Positive Commandments 1:41",131
"Charedim, Positive Commandments 1:42",132
"Charedim, Positive Commandments 2:1",134
"Charedim, Positive Commandments 2:2",135
"Charedim, Positive Commandments 2:3",136
"Charedim, Positive Commandments 2:4",137
"Charedim, Positive Commandments 3:1",139
"Charedim, Positive Commandments 3:2",140
"Charedim, Positive Commandments 3:3",141
"Charedim, Positive Commandments 3:4",142
"Charedim, Positive Commandments 3:5",143
"Charedim, Positive Commandments 3:6",144
"Charedim, Positive Commandments 3:7",145
"Charedim, Positive Commandments 4:1",147
"Charedim, Positive Commandments 4:2",148
"Charedim, Positive Commandments 4:3",149
"Charedim, Positive Commandments 4:4",150
"Charedim, Positive Commandments 4:5",151
"Charedim, Positive Commandments 4:6",152
"Charedim, Positive Commandments 4:7",153
"Charedim, Positive Commandments 4:8",154
"Charedim, Positive Commandments 4:9",155
"Charedim, Positive Commandments 4:10",156
"Charedim, Positive Commandments 4:11",157
"Charedim, Positive Commandments 4:12",158
"Charedim, Positive Commandments 4:13",159
"Charedim, Positive Commandments 4:14",160
"Charedim, Positive Commandments 4:15",161
"Charedim, Positive Commandments 4:16",162
"Charedim, Positive Commandments 4:17",163
"Charedim, Positive Commandments 4:18",164
"Charedim, Positive Commandments 4:19",165
"Charedim, Positive Commandments 4:20",166
"Charedim, Positive Commandments 4:21",167
"Charedim, Positive Commandments 4:22",168
"Charedim, Positive Commandments 4:23",169
"Charedim, Positive Commandments 4:24",170
"Charedim, Positive Commandments 4:25",171
"Charedim, Positive Commandments 4:26",172
"Charedim, Positive Commandments 4:27",173
"Charedim, Positive Commandments 4:28",174
"Charedim, Positive Commandments 4:29",175
"Charedim, Positive Commandments 4:30",176
"Charedim, Positive Commandments 4:31",177
"Charedim, Positive Commandments 4:32",178
"Charedim, Positive Commandments 4:33",179
"Charedim, Positive Commandments 4:34",180
"Charedim, Positive Commandments 4:35",181
"Charedim, Positive Commandments 4:36",182
"Charedim, Positive Commandments 4:37",183
"Charedim, Positive Commandments 4:38",184
"Charedim, Positive Commandments 4:39",185
"Charedim, Positive Commandments 4:40",186
"Charedim, Positive Commandments 4:41",187
"Charedim, Positive Commandments 4:42",188
"Charedim, Positive Commandments 4:43",189
"Charedim, Positive Commandments 4:44",190
"Charedim, Positive Commandments 4:45",191
"Charedim, Positive Commandments 4:46",192
"Charedim, Positive Commandments 4:47",193
"Charedim, Positive Commandments 4:48",194
"Charedim, Positive Commandments 4:49",195
"Charedim, Positive Commandments 4:50",196
"Charedim, Positive Commandments 4:51",197
"Charedim, Positive Commandments 4:52",198
"Charedim, Positive Commandments 4:53",199
"Charedim, Positive Commandments 4:54",200
"Charedim, Positive Commandments 4:55",201
"Charedim, Positive Commandments 4:56",202
"Charedim, Positive Commandments 4:57",203
"Charedim, Positive Commandments 4:58",204
"Charedim, Positive Commandments 4:59",205
"Charedim, Positive Commandments 4:60",206
"Charedim, Positive Commandments 4:61",207
"Charedim, Positive Commandments 4:62",208
"Charedim, Positive Commandments 4:63",209
"Charedim, Positive Commandments 4:64",210
"Charedim, Positive Commandments 4:65",211
"Charedim, Positive Commandments 4:66",212
"Charedim, Positive Commandments 4:67",213
"Charedim, Positive Commandments 4:68",214
"Charedim, Positive Commandments 4:69",215
"Charedim, Positive Commandments 4:70",216
"Charedim, Positive Commandments 4:71",217
"Charedim, Positive Commandments 4:72",218
"Charedim, Positive Commandments 4:73",219
"Charedim, Positive Commandments 5:1",221
"Charedim, Positive Commandments 5:2",222
"Charedim, Positive Commandments 5:3",223
"Charedim, Positive Commandments 5:4",224
"Charedim, Positive Commandments 5:5",225
"Charedim, Positive Commandments 5:6",226
"Charedim, Positive Commandments 5:7",227
"Charedim, Positive Commandments 5:8",228
"Charedim, Positive Commandments 5:9",229
"Charedim, Positive Commandments 5:10",230
"Charedim, Positive Commandments 5:11",231
"Charedim, Positive Commandments 5:12",232
"Charedim, Positive Commandments 5:13",233
"Charedim, Positive Commandments 5:14",234
"Charedim, Positive Commandments 5:15",235
"Charedim, Positive Commandments 5:16",236
"Charedim, Positive Commandments 5:17",237
"Charedim, Positive Commandments 5:18",238
"Charedim, Positive Commandments 5:19",239
"Charedim, Positive Commandments 5:20",240
"Charedim, Positive Commandments 5:21",241
"Charedim, Positive Commandments 5:22",242
"Charedim, Positive Commandments 5:23",243
"Charedim, Positive Commandments 5:24",244
"Charedim, Positive Commandments 5:25",245
"Charedim, Positive Commandments 5:26",246
"Charedim, Positive Commandments 5:27",247
"Charedim, Positive Commandments 5:28",248
"Charedim, Positive Commandments 5:29",249
"Charedim, Positive Commandments 5:30",250
"Charedim, Positive Commandments 5:31",251
"Charedim, Positive Commandments 5:32",252
"Charedim, Positive Commandments 5:33",253
"Charedim, Positive Commandments 5:34",254
"Charedim, Positive Commandments 5:35",255
"Charedim, Positive Commandments 5:36",256
"Charedim, Positive Commandments 5:37",257
"Charedim, Positive Commandments 5:38",258
"Charedim, Positive Commandments 5:39",259
"Charedim, Positive Commandments 5:40",260
"Charedim, Positive Commandments 5:41",261
"Charedim, Positive Commandments 5:42",262
"Charedim, Positive Commandments 5:43",263
"Charedim, Positive Commandments 5:44",264
"Charedim, Positive Commandments 5:45",265
"Charedim, Positive Commandments 5:46",266
"Charedim, Positive Commandments 5:47",267
"Charedim, Positive Commandments 5:48",268
"Charedim, Positive Commandments 5:49",269
"Charedim, Positive Commandments 5:50",270
"Charedim, Positive Commandments 5:51",271
"Charedim, Positive Commandments 5:52",272
"Charedim, Positive Commandments 5:53",273
"Charedim, Positive Commandments 5:54",274
"Charedim, Positive Commandments 5:55",275
"Charedim, Positive Commandments 5:56",276
"Charedim, Positive Commandments 5:57",277
"Charedim, Positive Commandments 5:58",278
"Charedim, Positive Commandments 5:59",279
"Charedim, Positive Commandments 5:60",280
"Charedim, Positive Commandments 5:61",281
"Charedim, Positive Commandments 5:62",282
"Charedim, Positive Commandments 5:63",283
"Charedim, Positive Commandments 5:64",284
"Charedim, Positive Commandments 5:65",285
"Charedim, Positive Commandments 6:1",287
"Charedim, Positive Commandments 6:2",288
"Charedim, Positive Commandments 6:3",289
"Charedim, Positive Commandments 6:4",290
"Charedim, Positive Commandments 6:5",291
"Charedim, Positive Commandments 6:6",292
"Charedim, Positive Commandments 6:7",293
"Charedim, Positive Commandments 6:8",294
"Charedim, Positive Commandments 6:9",295
"Charedim, Positive Commandments 6:10",296
"Charedim, Positive Commandments 6:11",297
"Charedim, Positive Commandments 6:12",298
"Charedim, Positive Commandments 6:13",299
"Charedim, Positive Commandments 6:14",300
"Charedim, Positive Commandments 6:15",301
"Charedim, Positive Commandments 6:16",302
"Charedim, Positive Commandments 7:1",304
"Charedim, Positive Commandments 7:2",305
"Charedim, Positive Commandments 7:3",306
"Charedim, Positive Commandments 7:4",307
"Charedim, Positive Commandments 7:5",308
"Charedim, Positive Commandments 7:6",309
"Charedim, Positive Commandments 7:7",310
"Charedim, Positive Commandments 7:8",311
"Charedim, Positive Commandments 7:9",312
"Charedim, Positive Commandments 7:10",313
"Charedim, Positive Commandments 7:11",314
"Charedim, Positive Commandments 7:12",315
"Charedim, Positive Commandments 7:13",316
"Charedim, Positive Commandments 7:14",317
"Charedim, Positive Commandments 7:15",318
"Charedim, Negative Commandments 1:1",322
"Charedim, Negative Commandments 1:2",323
"Charedim, Negative Commandments 1:3",324
"Charedim, Negative Commandments 1:4",325
"Charedim, Negative Commandments 1:5",326
"Charedim, Negative Commandments 1:6",327
"Charedim, Negative Commandments 1:7",328
"Charedim, Negative Commandments 1:8",329
"Charedim, Negative Commandments 1:9",330
"Charedim, Negative Commandments 1:10",331
"Charedim, Negative Commandments 1:11",332
"Charedim, Negative Commandments 1:12",333
"Charedim, Negative Commandments 1:13",334
"Charedim, Negative Commandments 1:14",335
"Charedim, Negative Commandments 1:15",336
"Charedim, Negative Commandments 1:16",337
"Charedim, Negative Commandments 1:17",338
"Charedim, Negative Commandments 1:18",339
"Charedim, Negative Commandments 1:19",340
"Charedim, Negative Commandments 1:20",341
"Charedim, Negative Commandments 1:21",342
"Charedim, Negative Commandments 1:22",343
"Charedim, Negative Commandments 1:23",344
"Charedim, Negative Commandments 1:24",345
"Charedim, Negative Commandments 1:25",346
"Charedim, Negative Commandments 1:26",347
"Charedim, Negative Commandments 1:27",348
"Charedim, Negative Commandments 1:28",349
"Charedim, Negative Commandments 1:29",350
"Charedim, Negative Commandments 1:30",351
"Charedim, Negative Commandments 2:1",353
"Charedim, Negative Commandments 2:2",354
"Charedim, Negative Commandments 2:3",355
"Charedim, Negative Commandments 2:4",356
"Charedim, Negative Commandments 2:5",357
"Charedim, Negative Commandments 3:1",359
"Charedim, Negative Commandments 3:2",360
"Charedim, Negative Commandments 3:3",361
"Charedim, Negative Commandments 3:4",362
"Charedim, Negative Commandments 3:5",363
"Charedim, Negative Commandments 4:1",365
"Charedim, Negative Commandments 4:2",366
"Charedim, Negative Commandments 4:3",367
"Charedim, Negative Commandments 4:4",368
"Charedim, Negative Commandments 4:5",369
"Charedim, Negative Commandments 4:6",370
"Charedim, Negative Commandments 4:7",371
"Charedim, Negative Commandments 4:8",372
"Charedim, Negative Commandments 4:9",373
"Charedim, Negative Commandments 4:10",374
"Charedim, Negative Commandments 4:11",375
"Charedim, Negative Commandments 4:12",376
"Charedim, Negative Commandments 4:13",377
"Charedim, Negative Commandments 4:14",378
"Charedim, Negative Commandments 4:15",379
"Charedim, Negative Commandments 4:16",380
"Charedim, Negative Commandments 4:17",381
"Charedim, Negative Commandments 4:18",382
"Charedim, Negative Commandments 4:19",383
"Charedim, Negative Commandments 4:20",384
"Charedim, Negative Commandments 4:21",385
"Charedim, Negative Commandments 4:22",386
"Charedim, Negative Commandments 4:23",387
"Charedim, Negative Commandments 4:24",388
"Charedim, Negative Commandments 4:25",389
"Charedim, Negative Commandments 4:26",390
"Charedim, Negative Commandments 4:27",391
"Charedim, Negative Commandments 4:28",392
"Charedim, Negative Commandments 4:29",393
"Charedim, Negative Commandments 4:30",394
"Charedim, Negative Commandments 4:31",395
"Charedim, Negative Commandments 4:32",396
"Charedim, Negative Commandments 4:33",397
"Charedim, Negative Commandments 4:34",398
"Charedim, Negative Commandments 4:35",399
"Charedim, Negative Commandments 4:36",400
"Charedim, Negative Commandments 4:37",401
"Charedim, Negative Commandments 4:38",402
"Charedim, Negative Commandments 4:39",403
"Charedim, Negative Commandments 4:40",404
"Charedim, Negative Commandments 4:41",405
"Charedim, Negative Commandments 4:42",406
"Charedim, Negative Commandments 4:43",407
"Charedim, Negative Commandments 4:44",408
"Charedim, Negative Commandments 4:45",409
"Charedim, Negative Commandments 4:46",410
"Charedim, Negative Commandments 4:47",411
"Charedim, Negative Commandments 4:48",412
"Charedim, Negative Commandments 4:49",413
"Charedim, Negative Commandments 4:50",414
"Charedim, Negative Commandments 4:51",415
"Charedim, Negative Commandments 4:52",416
"Charedim, Negative Commandments 4:53",417
"Charedim, Negative Commandments 4:54",418
"Charedim, Negative Commandments 4:55",419
"Charedim, Negative Commandments 4:56",420
"Charedim, Negative Commandments 4:57",421
"Charedim, Negative Commandments 4:58",422
"Charedim, Negative Commandments 4:59",423
"Charedim, Negative Commandments 4:60",424
"Charedim, Negative Commandments 4:61",425
"Charedim, Negative Commandments 4:62",426
"Charedim, Negative Commandments 4:63",427
"Charedim, Negative Commandments 4:64",428
"Charedim, Negative Commandments 4:65",429
"Charedim, Negative Commandments 4:66",430
"Charedim, Negative Commandments 4:67",431
"Charedim, Negative Commandments 4:68",432
"Charedim, Negative Commandments 4:69",433
"Charedim, Negative Commandments 4:70",434
"Charedim, Negative Commandments 4:71",435
"Charedim, Negative Commandments 4:72",436
"Charedim, Negative Commandments 4:73",437
"Charedim, Negative Commandments 4:74",438
"Charedim, Negative Commandments 4:75",439
"Charedim, Negative Commandments 4:76",440
"Charedim, Negative Commandments 4:77",441
"Charedim, Negative Commandments 4:78",442
"Charedim, Negative Commandments 4:79",443
"Charedim, Negative Commandments 4:80",444
"Charedim, Negative Commandments 4:81",445
"Charedim, Negative Commandments 4:82",446
"Charedim, Negative Commandments 4:83",447
"Charedim, Negative Commandments 4:84",448
"Charedim, Negative Commandments 4:85",449
"Charedim, Negative Commandments 4:86",450
"Charedim, Negative Commandments 4:87",451
"Charedim, Negative Commandments 4:88",452
"Charedim, Negative Commandments 4:89",453
"Charedim, Negative Commandments 4:90",454
"Charedim, Negative Commandments 4:91",455
"Charedim, Negative Commandments 4:92",456
"Charedim, Negative Commandments 4:93",457
"Charedim, Negative Commandments 4:94",458
"Charedim, Negative Commandments 4:95",459
"Charedim, Negative Commandments 4:96",460
"Charedim, Negative Commandments 4:97",461
"Charedim, Negative Commandments 4:98",462
"Charedim, Negative Commandments 4:99",463
"Charedim, Negative Commandments 4:100",464
"Charedim, Negative Commandments 4:101",465
"Charedim, Negative Commandments 4:102",466
"Charedim, Negative Commandments 4:103",467
"Charedim, Negative Commandments 4:104",468
"Charedim, Negative Commandments 4:105",469
"Charedim, Negative Commandments 4:106",470
"Charedim, Negative Commandments 4:107",471
"Charedim, Negative Commandments 5:1",473
"Charedim, Negative Commandments 5:2",474
"Charedim, Negative Commandments 5:3",475
"Charedim, Negative Commandments 5:4",476
"Charedim, Negative Commandments 5:5",477
"Charedim, Negative Commandments 5:6",478
"Charedim, Negative Commandments 5:7",479
"Charedim, Negative Commandments 5:8",480
"Charedim, Negative Commandments 5:9",481
"Charedim, Negative Commandments 5:10",482
"Charedim, Negative Commandments 5:11",483
"Charedim, Negative Commandments 5:12",484
"Charedim, Negative Commandments 5:13",485
"Charedim, Negative Commandments 5:14",486
"Charedim, Negative Commandments 5:15",487
"Charedim, Negative Commandments 5:16",488
"Charedim, Negative Commandments 5:17",489
"Charedim, Negative Commandments 5:18",490
"Charedim, Negative Commandments 5:19",491
"Charedim, Negative Commandments 5:20",492
"Charedim, Negative Commandments 5:21",493
"Charedim, Negative Commandments 5:22",494
"Charedim, Negative Commandments 5:23",495
"Charedim, Negative Commandments 5:24",496
"Charedim, Negative Commandments 5:25",497
"Charedim, Negative Commandments 5:26",498
"Charedim, Negative Commandments 5:27",499
"Charedim, Negative Commandments 5:28",500
"Charedim, Negative Commandments 5:29",501
"Charedim, Negative Commandments 5:30",502
"Charedim, Negative Commandments 5:31",503
"Charedim, Negative Commandments 5:32",504
"Charedim, Negative Commandments 5:33",505
"Charedim, Negative Commandments 5:34",506
"Charedim, Negative Commandments 5:35",507
"Charedim, Negative Commandments 5:36",508
"Charedim, Negative Commandments 5:37",509
"Charedim, Negative Commandments 5:38",510
"Charedim, Negative Commandments 5:39",511
"Charedim, Negative Commandments 5:40",512
"Charedim, Negative Commandments 5:41",513
"Charedim, Negative Commandments 5:42",514
"Charedim, Negative Commandments 5:43",515
"Charedim, Negative Commandments 5:44",516
"Charedim, Negative Commandments 5:45",517
"Charedim, Negative Commandments 5:46",518
"Charedim, Negative Commandments 5:47",519
"Charedim, Negative Commandments 5:48",520
"Charedim, Negative Commandments 5:49",521
"Charedim, Negative Commandments 5:50",522
"Charedim, Negative Commandments 5:51",523
"Charedim, Negative Commandments 5:52",524
"Charedim, Negative Commandments 5:53",525
"Charedim, Negative Commandments 5:54",526
"Charedim, Negative Commandments 5:55",527
"Charedim, Negative Commandments 5:56",528
"Charedim, Negative Commandments 5:57",529
"Charedim, Negative Commandments 5:58",530
"Charedim, Negative Commandments 5:59",531
"Charedim, Negative Commandments 5:60",532
"Charedim, Negative Commandments 5:61",533
"Charedim, Negative Commandments 5:62",534
"Charedim, Negative Commandments 5:63",535
"Charedim, Negative Commandments 5:64",536
"Charedim, Negative Commandments 5:65",537
"Charedim, Negative Commandments 5:66",538
"Charedim, Negative Commandments 5:67",539
"Charedim, Negative Commandments 5:68",540
"Charedim, Negative Commandments 5:69",541
"Charedim, Negative Commandments 5:70",542
"Charedim, Negative Commandments 5:71",543
"Charedim, Negative Commandments 5:72",544
"Charedim, Negative Commandments 5:73",545
"Charedim, Negative Commandments 5:74",546
"Charedim, Negative Commandments 5:75",547
"Charedim, Negative Commandments 5:76",548
"Charedim, Negative Commandments 5:77",549
"Charedim, Negative Commandments 5:78",550
"Charedim, Negative Commandments 5:79",551
"Charedim, Negative Commandments 5:80",552
"Charedim, Negative Commandments 5:81",553
"Charedim, Negative Commandments 5:82",554
"Charedim, Negative Commandments 6:1",556
"Charedim, Negative Commandments 6:2",557
"Charedim, Negative Commandments 6:3",558
"Charedim, Negative Commandments 6:4",559
"Charedim, Negative Commandments 6:5",560
"Charedim, Negative Commandments 6:6",561
"Charedim, Negative Commandments 6:7",562
"Charedim, Negative Commandments 6:8",563
"Charedim, Negative Commandments 6:9",564
"Charedim, Negative Commandments 6:10",565
"Charedim, Negative Commandments 7:1",567
"Charedim, Negative Commandments 7:2",568
"Charedim, Negative Commandments 7:3",569
"Charedim, Negative Commandments 7:4",570
"Charedim, Negative Commandments 7:5",571
"Charedim, Negative Commandments 7:6",572
"Charedim, Negative Commandments 7:7",573
"Charedim, Negative Commandments 7:8",574
"Charedim, Negative Commandments 7:9",575
"Charedim, Negative Commandments 7:10",576
"Charedim, Negative Commandments 7:11",577
"Charedim, Negative Commandments 7:12",578
"Charedim, Negative Commandments 7:13",579
"Charedim, Negative Commandments 7:14",580
"Charedim, Negative Commandments 7:15",581
"Charedim, Negative Commandments 7:16",582
"Charedim, Negative Commandments 7:17",583
"Charedim, Negative Commandments 7:18",584
"Charedim, Negative Commandments 7:19",585
"Charedim, Negative Commandments 7:20",586
"Charedim, Negative Commandments 7:21",587
"Charedim, Negative Commandments 7:22",588
"Charedim, Negative Commandments 7:23",589
"Charedim, Negative Commandments 7:24",590
"Charedim, Negative Commandments 7:25",591
"Charedim, Negative Commandments 7:26",592
"Charedim, Negative Commandments 7:27",593
"Charedim, Negative Commandments, Poem 1",595
"Charedim, Negative Commandments, Poem 2",596
"Charedim, Negative Commandments, Poem 3",597
"Charedim, Negative Commandments, Poem 4",598
"Charedim, Negative Commandments, Poem 5",599
"Charedim, Negative Commandments, Poem 6",600
"Charedim, Negative Commandments, Poem 7",601
"Charedim, Negative Commandments, Poem 8",602
"Charedim, Negative Commandments, Poem 9",603
"Charedim, Negative Commandments, Poem 10",604
"Charedim, Negative Commandments, Poem 11",605
"Charedim, Negative Commandments, Poem 12",606
"Charedim, Negative Commandments, Poem 13",607
"Charedim, Negative Commandments, Poem 14",608
"Charedim, Negative Commandments, Poem 15",609
"Charedim, Negative Commandments, Poem 16",610
"Charedim, Negative Commandments, Poem 17",611
"Charedim, Negative Commandments, Poem 18",612
"Charedim, Negative Commandments, Poem 19",613
"Charedim, Negative Commandments, Poem 20",614
"Charedim, Negative Commandments, Poem 21",615
"Charedim, Negative Commandments, Poem 22",616
"Charedim, Negative Commandments, Poem 23",617
"Charedim, Negative Commandments, Supplication 1",619
"Charedim, Negative Commandments, Supplication 2",620
"Charedim, Negative Commandments, Supplication 3",621
"Charedim, Negative Commandments, Supplication 4",622
"Charedim, Negative Commandments, Supplication 5",623
"Charedim, Negative Commandments, Supplication 6",624
"Charedim, Negative Commandments, Supplication 7",625
"Charedim, Negative Commandments, Supplication 8",626
"Charedim, Negative Commandments, Supplication 9",627
"Charedim, Negative Commandments, Supplication 10",628
"Charedim, Negative Commandments, Supplication 11",629
"Charedim, Negative Commandments, Supplication 12",630
"Charedim, Positive Commandments from the Prophets and the Sages 1:1",633
"Charedim, Positive Commandments from the Prophets and the Sages 1:2",634
"Charedim, Positive Commandments from the Prophets and the Sages 1:3",635
"Charedim, Positive Commandments from the Prophets and the Sages 1:4",636
"Charedim, Positive Commandments from the Prophets and the Sages 1:5",637
"Charedim, Positive Commandments from the Prophets and the Sages 1:6",638
"Charedim, Positive Commandments from the Prophets and the Sages 1:7",639
"Charedim, Positive Commandments from the Prophets and the Sages 1:8",640
"Charedim, Positive Commandments from the Prophets and the Sages 1:9",641
"Charedim, Positive Commandments from the Prophets and the Sages 1:10",642
"Charedim, Positive Commandments from the Prophets and the Sages 1:11",643
"Charedim, Positive Commandments from the Prophets and the Sages 1:12",644
"Charedim, Positive Commandments from the Prophets and the Sages 1:13",645
"Charedim, Positive Commandments from the Prophets and the Sages 1:14",646
"Charedim, Positive Commandments from the Prophets and the Sages 1:15",647
"Charedim, Positive Commandments from the Prophets and the Sages 1:16",648
"Charedim, Positive Commandments from the Prophets and the Sages 1:17",649
"Charedim, Positive Commandments from the Prophets and the Sages 1:18",650
"Charedim, Positive Commandments from the Prophets and the Sages 1:19",651
"Charedim, Positive Commandments from the Prophets and the Sages 1:20",652
"Charedim, Positive Commandments from the Prophets and the Sages 1:21",653
"Charedim, Positive Commandments from the Prophets and the Sages 1:22",654
"Charedim, Positive Commandments from the Prophets and the Sages 1:23",655
"Charedim, Positive Commandments from the Prophets and the Sages 1:24",656
"Charedim, Positive Commandments from the Prophets and the Sages 1:25",657
"Charedim, Positive Commandments from the Prophets and the Sages 1:26",658
"Charedim, Positive Commandments from the Prophets and the Sages 1:27",659
"Charedim, Positive Commandments from the Prophets and the Sages 1:28",660
"Charedim, Positive Commandments from the Prophets and the Sages 1:29",661
"Charedim, Positive Commandments from the Prophets and the Sages 1:30",662
"Charedim, Positive Commandments from the Prophets and the Sages 1:31",663
"Charedim, Positive Commandments from the Prophets and the Sages 1:32",664
"Charedim, Positive Commandments from the Prophets and the Sages 1:33",665
"Charedim, Positive Commandments from the Prophets and the Sages 1:34",666
"Charedim, Positive Commandments from the Prophets and the Sages 1:35",667
"Charedim, Positive Commandments from the Prophets and the Sages 2:1",669
"Charedim, Positive Commandments from the Prophets and the Sages 2:2",670
"Charedim, Positive Commandments from the Prophets and the Sages 2:3",671
"Charedim, Positive Commandments from the Prophets and the Sages 2:4",672
"Charedim, Positive Commandments from the Prophets and the Sages 2:5",673
"Charedim, Positive Commandments from the Prophets and the Sages 2:6",674
"Charedim, Positive Commandments from the Prophets and the Sages 3:1",676
"Charedim, Positive Commandments from the Prophets and the Sages 3:2",677
"Charedim, Positive Commandments from the Prophets and the Sages 3:3",678
"Charedim, Positive Commandments from the Prophets and the Sages 3:4",679
"Charedim, Positive Commandments from the Prophets and the Sages 3:5",680
"Charedim, Positive Commandments from the Prophets and the Sages 4:1",682
"Charedim, Positive Commandments from the Prophets and the Sages 4:2",683
"Charedim, Positive Commandments from the Prophets and the Sages 4:3",684
"Charedim, Positive Commandments from the Prophets and the Sages 4:4",685
"Charedim, Positive Commandments from the Prophets and the Sages 4:5",686
"Charedim, Positive Commandments from the Prophets and the Sages 4:6",687
"Charedim, Positive Commandments from the Prophets and the Sages 4:7",688
"Charedim, Positive Commandments from the Prophets and the Sages 4:8",689
"Charedim, Positive Commandments from the Prophets and the Sages 4:9",690
"Charedim, Positive Commandments from the Prophets and the Sages 4:10",691
"Charedim, Positive Commandments from the Prophets and the Sages 4:11",692
"Charedim, Positive Commandments from the Prophets and the Sages 4:12",693
"Charedim, Positive Commandments from the Prophets and the Sages 4:13",694
"Charedim, Positive Commandments from the Prophets and the Sages 4:14",695
"Charedim, Positive Commandments from the Prophets and the Sages 4:15",696
"Charedim, Positive Commandments from the Prophets and the Sages 4:16",697
"Charedim, Positive Commandments from the Prophets and the Sages 4:17",698
"Charedim, Positive Commandments from the Prophets and the Sages 4:18",699
"Charedim, Positive Commandments from the Prophets and the Sages 4:19",700
"Charedim, Positive Commandments from the Prophets and the Sages 4:20",701
"Charedim, Positive Commandments from the Prophets and the Sages 4:21",702
"Charedim, Positive Commandments from the Prophets and the Sages 4:22",703
"Charedim, Positive Commandments from the Prophets and the Sages 4:23",704
"Charedim, Positive Commandments from the Prophets and the Sages 4:24",705
"Charedim, Positive Commandments from the Prophets and the Sages 4:25",706
"Charedim, Positive Commandments from the Prophets and the Sages 4:26",707
"Charedim, Positive Commandments from the Prophets and the Sages 4:27",708
"Charedim, Positive Commandments from the Prophets and the Sages 4:28",709
"Charedim, Positive Commandments from the Prophets and the Sages 4:29",710
"Charedim, Positive Commandments from the Prophets and the Sages 4:30",711
"Charedim, Positive Commandments from the Prophets and the Sages 4:31",712
"Charedim, Positive Commandments from the Prophets and the Sages 4:32",713
"Charedim, Positive Commandments from the Prophets and the Sages 4:33",714
"Charedim, Positive Commandments from the Prophets and the Sages 4:34",715
"Charedim, Positive Commandments from the Prophets and the Sages 4:35",716
"Charedim, Positive Commandments from the Prophets and the Sages 4:36",717
"Charedim, Positive Commandments from the Prophets and the Sages 4:37",718
"Charedim, Positive Commandments from the Prophets and the Sages 4:38",719
"Charedim, Positive Commandments from the Prophets and the Sages 4:39",720
"Charedim, Positive Commandments from the Prophets and the Sages 4:40",721
"Charedim, Positive Commandments from the Prophets and the Sages 4:41",722
"Charedim, Positive Commandments from the Prophets and the Sages 4:42",723
"Charedim, Positive Commandments from the Prophets and the Sages 4:43",724
"Charedim, Positive Commandments from the Prophets and the Sages 4:44",725
"Charedim, Positive Commandments from the Prophets and the Sages 4:45",726
"Charedim, Positive Commandments from the Prophets and the Sages 4:46",727
"Charedim, Positive Commandments from the Prophets and the Sages 4:47",728
"Charedim, Positive Commandments from the Prophets and the Sages 4:48",729
"Charedim, Positive Commandments from the Prophets and the Sages 4:49",730
"Charedim, Positive Commandments from the Prophets and the Sages 4:50",731
"Charedim, Positive Commandments from the Prophets and the Sages 4:51",732
"Charedim, Positive Commandments from the Prophets and the Sages 4:52",733
"Charedim, Positive Commandments from the Prophets and the Sages 5:1",735
"Charedim, Positive Commandments from the Prophets and the Sages 5:2",736
"Charedim, Positive Commandments from the Prophets and the Sages 5:3",737
"Charedim, Positive Commandments from the Prophets and the Sages 5:4",738
"Charedim, Positive Commandments from the Prophets and the Sages 5:5",739
"Charedim, Positive Commandments from the Prophets and the Sages 5:6",740
"Charedim, Positive Commandments from the Prophets and the Sages 5:7",741
"Charedim, Positive Commandments from the Prophets and the Sages 5:8",742
"Charedim, Positive Commandments from the Prophets and the Sages 5:9",743
"Charedim, Positive Commandments from the Prophets and the Sages 5:10",744
"Charedim, Positive Commandments from the Prophets and the Sages 5:11",745
"Charedim, Positive Commandments from the Prophets and the Sages 5:12",746
"Charedim, Positive Commandments from the Prophets and the Sages 5:13",747
"Charedim, Positive Commandments from the Prophets and the Sages 5:14",748
"Charedim, Positive Commandments from the Prophets and the Sages 5:15",749
"Charedim, Positive Commandments from the Prophets and the Sages 5:16",750
"Charedim, Positive Commandments from the Prophets and the Sages 6:1",752
"Charedim, Positive Commandments from the Prophets and the Sages 6:2",753
"Charedim, Positive Commandments from the Prophets and the Sages 6:3",754
"Charedim, Positive Commandments from the Prophets and the Sages 6:4",755
"Charedim, Positive Commandments from the Prophets and the Sages 6:5",756
"Charedim, Positive Commandments from the Prophets and the Sages 6:6",757
"Charedim, Positive Commandments from the Prophets and the Sages 6:7",758
"Charedim, Positive Commandments from the Prophets and the Sages 6:8",759
"Charedim, Positive Commandments from the Prophets and the Sages 6:9",760
"Charedim, Positive Commandments from the Prophets and the Sages 6:10",761
"Charedim, Positive Commandments from the Prophets and the Sages 6:11",762
"Charedim, Positive Commandments from the Prophets and the Sages 6:12",763
"Charedim, Positive Commandments from the Prophets and the Sages 6:13",764
"Charedim, Positive Commandments from the Prophets and the Sages 6:14",765
"Charedim, Positive Commandments from the Prophets and the Sages 6:15",766
"Charedim, Positive Commandments from the Prophets and the Sages 6:16",767
"Charedim, Positive Commandments from the Prophets and the Sages 6:17",768
"Charedim, Positive Commandments from the Prophets and the Sages 6:18",769
"Charedim, Positive Commandments from the Prophets and the Sages 6:19",770
"Charedim, Positive Commandments from the Prophets and the Sages 6:20",771
"Charedim, Positive Commandments from the Prophets and the Sages 7:1",773
"Charedim, Positive Commandments from the Prophets and the Sages 7:2",774
"Charedim, Positive Commandments from the Prophets and the Sages 7:3",775
"Charedim, Negative Commandments from the Prophets and the Sages 1:1",778
"Charedim, Negative Commandments from the Prophets and the Sages 1:2",779
"Charedim, Negative Commandments from the Prophets and the Sages 1:3",780
"Charedim, Negative Commandments from the Prophets and the Sages 1:4",781
"Charedim, Negative Commandments from the Prophets and the Sages 1:5",782
"Charedim, Negative Commandments from the Prophets and the Sages 1:6",783
"Charedim, Negative Commandments from the Prophets and the Sages 1:7",784
"Charedim, Negative Commandments from the Prophets and the Sages 1:8",785
"Charedim, Negative Commandments from the Prophets and the Sages 1:9",786
"Charedim, Negative Commandments from the Prophets and the Sages 1:10",787
"Charedim, Negative Commandments from the Prophets and the Sages 1:11",788
"Charedim, Negative Commandments from the Prophets and the Sages 1:12",789
"Charedim, Negative Commandments from the Prophets and the Sages 1:13",790
"Charedim, Negative Commandments from the Prophets and the Sages 1:14",791
"Charedim, Negative Commandments from the Prophets and the Sages 1:15",792
"Charedim, Negative Commandments from the Prophets and the Sages 1:16",793
"Charedim, Negative Commandments from the Prophets and the Sages 2:1",795
"Charedim, Negative Commandments from the Prophets and the Sages 2:2",796
"Charedim, Negative Commandments from the Prophets and the Sages 2:3",797
"Charedim, Negative Commandments from the Prophets and the Sages 2:4",798
"Charedim, Negative Commandments from the Prophets and the Sages 2:5",799
"Charedim, Negative Commandments from the Prophets and the Sages 2:6",800
"Charedim, Negative Commandments from the Prophets and the Sages 2:7",801
"Charedim, Negative Commandments from the Prophets and the Sages 2:8",802
"Charedim, Negative Commandments from the Prophets and the Sages 2:9",803
"Charedim, Negative Commandments from the Prophets and the Sages 2:10",804
"Charedim, Negative Commandments from the Prophets and the Sages 3:1",806
"Charedim, Negative Commandments from the Prophets and the Sages 3:2",807
"Charedim, Negative Commandments from the Prophets and the Sages 3:3",808
"Charedim, Negative Commandments from the Prophets and the Sages 3:4",809
"Charedim, Negative Commandments from the Prophets and the Sages 4:1",811
"Charedim, Negative Commandments from the Prophets and the Sages 4:2",812
"Charedim, Negative Commandments from the Prophets and the Sages 4:3",813
"Charedim, Negative Commandments from the Prophets and the Sages 4:4",814
"Charedim, Negative Commandments from the Prophets and the Sages 4:5",815
"Charedim, Negative Commandments from the Prophets and the Sages 4:6",816
"Charedim, Negative Commandments from the Prophets and the Sages 4:7",817
"Charedim, Negative Commandments from the Prophets and the Sages 4:8",818
"Charedim, Negative Commandments from the Prophets and the Sages 4:9",819
"Charedim, Negative Commandments from the Prophets and the Sages 4:10",820
"Charedim, Negative Commandments from the Prophets and the Sages 4:11",821
"Charedim, Negative Commandments from the Prophets and the Sages 4:12",822
"Charedim, Negative Commandments from the Prophets and the Sages 4:13",823
"Charedim, Negative Commandments from the Prophets and the Sages 4:14",824
"Charedim, Negative Commandments from the Prophets and the Sages 4:15",825
"Charedim, Negative Commandments from the Prophets and the Sages 4:16",826
"Charedim, Negative Commandments from the Prophets and the Sages 4:17",827
"Charedim, Negative Commandments from the Prophets and the Sages 4:18",828
"Charedim, Negative Commandments from the Prophets and the Sages 4:19",829
"Charedim, Negative Commandments from the Prophets and the Sages 4:20",830
"Charedim, Negative Commandments from the Prophets and the Sages 4:21",831
"Charedim, Negative Commandments from the Prophets and the Sages 4:22",832
"Charedim, Negative Commandments from the Prophets and the Sages 4:23",833
"Charedim, Negative Commandments from the Prophets and the Sages 4:24",834
"Charedim, Negative Commandments from the Prophets and the Sages 4:25",835
"Charedim, Negative Commandments from the Prophets and the Sages 4:26",836
"Charedim, Negative Commandments from the Prophets and the Sages 4:27",837
"Charedim, Negative Commandments from the Prophets and the Sages 4:28",838
"Charedim, Negative Commandments from the Prophets and the Sages 4:29",839
"Charedim, Negative Commandments from the Prophets and the Sages 4:30",840
"Charedim, Negative Commandments from the Prophets and the Sages 4:31",841
"Charedim, Negative Commandments from the Prophets and the Sages 4:32",842
"Charedim, Negative Commandments from the Prophets and the Sages 4:33",843
"Charedim, Negative Commandments from the Prophets and the Sages 4:34",844
"Charedim, Negative Commandments from the Prophets and the Sages 4:35",845
"Charedim, Negative Commandments from the Prophets and the Sages 4:36",846
"Charedim, Negative Commandments from the Prophets and the Sages 4:37",847
"Charedim, Negative Commandments from the Prophets and the Sages 4:38",848
"Charedim, Negative Commandments from the Prophets and the Sages 4:39",849
"Charedim, Negative Commandments from the Prophets and the Sages 4:40",850
"Charedim, Negative Commandments from the Prophets and the Sages 4:41",851
"Charedim, Negative Commandments from the Prophets and the Sages 4:42",852
"Charedim, Negative Commandments from the Prophets and the Sages 4:43",853
"Charedim, Negative Commandments from the Prophets and the Sages 4:44",854
"Charedim, Negative Commandments from the Prophets and the Sages 4:45",855
"Charedim, Negative Commandments from the Prophets and the Sages 4:46",856
"Charedim, Negative Commandments from the Prophets and the Sages 5:1",858
"Charedim, Negative Commandments from the Prophets and the Sages 5:2",859
"Charedim, Negative Commandments from the Prophets and the Sages 5:3",860
"Charedim, Negative Commandments from the Prophets and the Sages 5:4",861
"Charedim, Negative Commandments from the Prophets and the Sages 5:5",862
"Charedim, Negative Commandments from the Prophets and the Sages 5:6",863
"Charedim, Negative Commandments from the Prophets and the Sages 5:7",864
"Charedim, Negative Commandments from the Prophets and the Sages 5:8",865
"Charedim, Negative Commandments from the Prophets and the Sages 5:9",866
"Charedim, Negative Commandments from the Prophets and the Sages 5:10",867
"Charedim, Negative Commandments from the Prophets and the Sages 6:1",869
"Charedim, Negative Commandments from the Prophets and the Sages 6:2",870
"Charedim, Negative Commandments from the Prophets and the Sages 6:3",871
"Charedim, Negative Commandments from the Prophets and the Sages 6:4",872
"Charedim, Negative Commandments from the Prophets and the Sages 6:5",873
"Charedim, Negative Commandments from the Prophets and the Sages 6:6",874
"Charedim, Negative Commandments from the Prophets and the Sages 6:7",875
"Charedim, Negative Commandments from the Prophets and the Sages 6:8",876
"Charedim, Negative Commandments from the Prophets and the Sages 6:9",877
"Charedim, Negative Commandments from the Prophets and the Sages 6:10",878
"Charedim, Negative Commandments from the Prophets and the Sages 6:11",879
"Charedim, Negative Commandments from the Prophets and the Sages 6:12",880
"Charedim, Negative Commandments from the Prophets and the Sages 7:1",882
"Charedim, Negative Commandments from the Prophets and the Sages 7:2",883
"Charedim, Negative Commandments from the Prophets and the Sages 7:3",884
"Charedim, Negative Commandments from the Prophets and the Sages 7:4",885
"Charedim, Negative Commandments from the Prophets and the Sages 7:5",886
"Charedim, Negative Commandments from the Prophets and the Sages 7:6",887
"Charedim, Negative Commandments from the Prophets and the Sages 7:7",888
"Charedim, Negative Commandments from the Prophets and the Sages 7:8",889
"Charedim, Commandments Dependent on the Land of Israel, Introduction 1",892
"Charedim, Commandments Dependent on the Land of Israel, Introduction 2",893
"Charedim, Commandments Dependent on the Land of Israel, Introduction 3",894
"Charedim, Commandments Dependent on the Land of Israel, Introduction 4",895
"Charedim, Commandments Dependent on the Land of Israel, Introduction 5",896
"Charedim, Commandments Dependent on the Land of Israel, Introduction 6",897
"Charedim, Commandments Dependent on the Land of Israel, Introduction 7",898
"Charedim, Commandments Dependent on the Land of Israel, Introduction 8",899
"Charedim, Commandments Dependent on the Land of Israel, Introduction 9",900
"Charedim, Commandments Dependent on the Land of Israel, Introduction 10",901
"Charedim, Commandments Dependent on the Land of Israel, Introduction 11",902
"Charedim, Commandments Dependent on the Land of Israel, Introduction 12",903
"Charedim, Commandments Dependent on the Land of Israel, Introduction 13",904
"Charedim, Commandments Dependent on the Land of Israel, Introduction 14",905
"Charedim, Commandments Dependent on the Land of Israel, Introduction 15",906
"Charedim, Commandments Dependent on the Land of Israel, Introduction 16",907
"Charedim, Commandments Dependent on the Land of Israel 1:1",910
"Charedim, Commandments Dependent on the Land of Israel 1:2",911
"Charedim, Commandments Dependent on the Land of Israel 1:3",912
"Charedim, Commandments Dependent on the Land of Israel 1:4",913
"Charedim, Commandments Dependent on the Land of Israel 1:5",914
"Charedim, Commandments Dependent on the Land of Israel 1:6",915
"Charedim, Commandments Dependent on the Land of Israel 1:7",916
"Charedim, Commandments Dependent on the Land of Israel 1:8",917
"Charedim, Commandments Dependent on the Land of Israel 1:9",918
"Charedim, Commandments Dependent on the Land of Israel 1:10",919
"Charedim, Commandments Dependent on the Land of Israel 1:11",920
"Charedim, Commandments Dependent on the Land of Israel 1:12",921
"Charedim, Commandments Dependent on the Land of Israel 1:13",922
"Charedim, Commandments Dependent on the Land of Israel 1:14",923
"Charedim, Commandments Dependent on the Land of Israel 1:15",924
"Charedim, Commandments Dependent on the Land of Israel 1:16",925
"Charedim, Commandments Dependent on the Land of Israel 1:17",926
"Charedim, Commandments Dependent on the Land of Israel 1:18",927
"Charedim, Commandments Dependent on the Land of Israel 2:1",929
"Charedim, Commandments Dependent on the Land of Israel 2:2",930
"Charedim, Commandments Dependent on the Land of Israel 2:3",931
"Charedim, Commandments Dependent on the Land of Israel 2:4",932
"Charedim, Commandments Dependent on the Land of Israel 2:5",933
"Charedim, Commandments Dependent on the Land of Israel 2:6",934
"Charedim, Commandments Dependent on the Land of Israel 2:7",935
"Charedim, Commandments Dependent on the Land of Israel 2:8",936
"Charedim, Commandments Dependent on the Land of Israel 2:9",937
"Charedim, Commandments Dependent on the Land of Israel 2:10",938
"Charedim, Commandments Dependent on the Land of Israel 2:11",939
"Charedim, Commandments Dependent on the Land of Israel 2:12",940
"Charedim, Commandments Dependent on the Land of Israel 2:13",941
"Charedim, Commandments Dependent on the Land of Israel 2:14",942
"Charedim, Commandments Dependent on the Land of Israel 2:15",943
"Charedim, Commandments Dependent on the Land of Israel 2:16",944
"Charedim, Commandments Dependent on the Land of Israel 2:17",945
"Charedim, Commandments Dependent on the Land of Israel 2:18",946
"Charedim, Commandments Dependent on the Land of Israel 2:19",947
"Charedim, Commandments Dependent on the Land of Israel 2:20",948
"Charedim, Commandments Dependent on the Land of Israel 2:21",949
"Charedim, The Commandment of Repentance 1:1",952
"Charedim, The Commandment of Repentance 1:2",953
"Charedim, The Commandment of Repentance 1:3",954
"Charedim, The Commandment of Repentance 1:4",955
"Charedim, The Commandment of Repentance 1:5",956
"Charedim, The Commandment of Repentance 1:6",957
"Charedim, The Commandment of Repentance 1:7",958
"Charedim, The Commandment of Repentance 1:8",959
"Charedim, The Commandment of Repentance 1:9",960
"Charedim, The Commandment of Repentance 1:10",961
"Charedim, The Commandment of Repentance 1:11",962
"Charedim, The Commandment of Repentance 1:12",963
"Charedim, The Commandment of Repentance 1:13",964
"Charedim, The Commandment of Repentance 1:14",965
"Charedim, The Commandment of Repentance 1:15",966
"Charedim, The Commandment of Repentance 1:16",967
"Charedim, The Commandment of Repentance 1:17",968
"Charedim, The Commandment of Repentance 1:18",969
"Charedim, The Commandment of Repentance 1:19",970
"Charedim, The Commandment of Repentance 1:20",971
"Charedim, The Commandment of Repentance 1:21",972
"Charedim, The Commandment of Repentance 1:22",973
"Charedim, The Commandment of Repentance 1:23",974
"Charedim, The Commandment of Repentance 1:24",975
"Charedim, The Commandment of Repentance 1:25",976
"Charedim, The Commandment of Repentance 1:26",977
"Charedim, The Commandment of Repentance 2:1",979
"Charedim, The Commandment of Repentance 2:2",980
"Charedim, The Commandment of Repentance 2:3",981
"Charedim, The Commandment of Repentance 2:4",982
"Charedim, The Commandment of Repentance 3:1",984
"Charedim, The Commandment of Repentance 3:2",985
"Charedim, The Commandment of Repentance 4:1",987
"Charedim, The Commandment of Repentance 4:2",988
"Charedim, The Commandment of Repentance 4:3",989
"Charedim, The Commandment of Repentance 4:4",990
"Charedim, The Commandment of Repentance 4:5",991
"Charedim, The Commandment of Repentance 4:6",992
"Charedim, The Commandment of Repentance 4:7",993
"Charedim, The Commandment of Repentance 4:8",994
"Charedim, The Commandment of Repentance 4:9",995
"Charedim, The Commandment of Repentance 4:10",996
"Charedim, The Commandment of Repentance 5:1",998
"Charedim, The Commandment of Repentance 6:1",1000
"Charedim, The Commandment of Repentance 7:1",1002
"Charedim, Epilogue 1",1004
"Charedim, Epilogue 2",1005
"Charedim, Epilogue 3",1006
